dealer_id,dealer_name,region,city,market_potential,dealer_size,years_with_manufacturer,monthly_sales,monthly_target,sales_growth_pct,inventory_units,inventory_over_90_days_pct,payment_delay_days,service_score,customer_complaints,complaint_rate,complaints_change_pct,customer_satisfaction_score,lead_conversion_pct,market_share_pct,regional_market_growth_pct,previous_health_score
D001,Delhi Prime Motors,North,Delhi,Medium,Medium,3,66,71,-6.1,118,16.0,14.8,80.0,13,19.7,6.4,87.0,13.3,7.4,7.4,70
D002,Jabalpur Central Motors,Central,Jabalpur,High,Small,9,73,64,11.5,144,4.7,4.8,92.0,10,13.7,-12.9,93.0,16.6,16.0,3.3,97
D003,Chandigarh Metro Motors,North,Chandigarh,High,Medium,23,44,81,-9.3,90,32.8,12.6,56.0,17,38.6,37.4,73.0,12.8,7.5,5.7,52
D004,Hyderabad Crown Motors,South,Hyderabad,Medium,Medium,3,104,108,7.2,208,2.4,2.5,86.0,8,7.7,-26.1,91.0,16.3,9.1,6.6,87
D005,Mumbai Apex Motors,West,Mumbai,Medium,Large,5,163,179,-3.8,343,17.1,13.5,84.0,34,20.9,18.5,88.0,14.2,8.0,5.0,68
D006,Kolkata Premier Motors,East,Kolkata,High,Medium,14,75,75,6.0,120,7.2,2.2,82.0,11,14.7,4.1,89.0,19.5,11.4,3.9,87
D007,Kolkata Royal Motors,East,Kolkata,High,Small,14,66,61,5.2,128,8.6,3.6,92.0,5,7.6,4.8,89.0,17.1,13.0,3.4,85
D008,Bengaluru Central Motors,South,Bengaluru,High,Medium,14,91,109,-7.8,141,13.8,10.6,75.0,19,20.9,2.7,82.0,16.7,9.1,6.7,67
D009,Kochi Star Motors,South,Kochi,Medium,Large,11,226,199,12.2,363,10.9,4.5,89.0,21,9.3,-0.7,94.0,23.4,7.8,6.6,91
D010,Coimbatore Royal Motors,South,Coimbatore,Medium,Small,19,42,42,15.1,86,4.4,0.6,93.0,3,7.1,-23.2,85.0,17.3,8.5,6.3,95
D011,Surat Apex Motors,West,Surat,Medium,Small,22,49,58,1.3,96,21.7,7.0,73.0,15,30.6,18.0,79.0,16.8,8.1,3.8,67
D012,Raipur Crown Motors,Central,Raipur,Medium,Medium,11,109,98,11.7,232,9.4,0.7,84.0,17,15.6,-14.9,86.0,19.1,11.2,3.5,89
D013,Jaipur Prime Motors,North,Jaipur,High,Medium,13,82,71,5.3,131,11.2,0.1,89.0,10,12.2,-26.0,86.0,19.8,13.7,6.0,87
D014,Mumbai Central Motors,West,Mumbai,High,Large,12,93,150,-14.0,187,31.0,18.0,68.0,42,45.2,34.0,80.0,9.5,5.1,4.8,51
D015,Surat Metro Motors,West,Surat,Low,Large,5,157,137,13.1,279,6.7,3.9,82.0,11,7.0,1.5,86.0,23.0,4.7,5.1,91
D016,Guwahati Metro Motors,East,Guwahati,Low,Medium,6,113,105,14.0,228,8.0,2.1,87.0,12,10.6,-5.2,92.0,21.0,4.5,4.9,82
D017,Chennai Metro Motors,South,Chennai,Medium,Small,7,70,63,13.2,92,3.1,0.3,90.0,5,7.1,1.3,93.0,16.5,7.6,7.0,92
D018,Bengaluru Premier Motors,South,Bengaluru,High,Large,4,122,125,5.3,165,3.5,0.6,82.0,8,6.6,-23.4,82.0,19.1,13.8,7.3,88
D019,Coimbatore Elite Motors,South,Coimbatore,High,Medium,21,110,109,8.6,234,10.8,4.3,83.0,9,8.2,-21.0,84.0,17.5,10.6,6.5,83
D020,Coimbatore Crown Motors,South,Coimbatore,High,Medium,15,39,80,-16.4,101,35.5,13.8,70.0,10,25.6,42.4,86.0,13.3,8.1,7.3,49
D021,Bhopal Heritage Motors,Central,Bhopal,Low,Large,6,143,128,12.7,310,8.4,3.9,84.0,16,11.2,-10.5,87.0,22.9,5.7,2.9,83
D022,Jabalpur Heritage Motors,Central,Jabalpur,Medium,Medium,12,91,84,5.0,119,3.4,2.4,87.0,8,8.8,-16.0,90.0,18.0,10.0,2.7,86
D023,Ahmedabad Royal Motors,West,Ahmedabad,Medium,Medium,5,90,86,8.8,262,27.9,13.2,78.0,23,25.6,29.4,86.0,12.3,8.7,4.8,65
D024,Pune Elite Motors,West,Pune,Low,Small,22,53,49,2.4,102,9.3,0.4,94.0,4,7.5,6.4,91.0,21.8,3.7,5.4,87
D025,Kolkata Apex Motors,East,Kolkata,Medium,Large,24,125,126,9.9,204,3.0,3.1,84.0,15,12.0,-8.2,83.0,25.2,7.2,3.4,83
D026,Patna Apex Motors,East,Patna,Medium,Large,20,129,180,-10.0,365,29.9,16.9,58.0,35,27.1,43.0,68.0,12.0,4.9,3.6,58
D027,Pune Prime Motors,West,Pune,Medium,Medium,9,97,90,11.0,211,29.0,17.0,79.0,29,29.9,38.0,77.0,17.5,8.6,5.4,73
D028,Raipur Apex Motors,Central,Raipur,Low,Medium,19,80,86,1.2,143,13.2,5.9,76.0,13,16.2,-0.6,80.0,19.0,5.0,3.3,76
D029,Hyderabad Elite Motors,South,Hyderabad,Medium,Medium,11,116,107,12.5,292,16.7,16.6,78.0,30,25.9,41.6,80.0,18.6,10.0,8.1,70
D030,Patna Central Motors,East,Patna,Medium,Medium,19,54,73,-8.9,125,28.2,16.0,66.0,17,31.5,35.7,78.0,13.9,6.6,4.2,50
D031,Nagpur Central Motors,West,Nagpur,High,Small,22,40,43,-6.7,89,22.0,8.3,80.0,6,15.0,21.9,85.0,12.5,10.4,5.4,73
D032,Bengaluru Star Motors,South,Bengaluru,High,Small,22,44,53,2.9,100,17.9,3.3,68.0,17,38.6,36.2,77.0,17.9,10.1,6.8,75
D033,Surat Crown Motors,West,Surat,Medium,Large,21,185,167,11.5,417,10.4,0.2,85.0,13,7.0,-10.8,84.0,20.0,11.2,4.3,86
D034,Patna Crown Motors,East,Patna,Medium,Large,12,216,196,3.9,390,4.7,3.5,95.0,26,12.0,-27.9,95.0,18.5,9.2,4.2,84
D035,Lucknow Central Motors,North,Lucknow,Medium,Large,2,163,149,3.6,250,2.9,0.9,95.0,17,10.4,-0.2,98.0,21.0,10.8,5.2,85
D036,Indore Elite Motors,Central,Indore,High,Small,7,28,45,-9.6,78,39.6,12.5,53.0,11,39.3,27.0,74.0,10.9,8.9,2.6,55
D037,Raipur Premier Motors,Central,Raipur,Medium,Small,12,68,70,5.2,147,5.0,2.1,90.0,8,11.8,-14.4,91.0,25.3,6.7,2.6,81
D038,Bhopal Star Motors,Central,Bhopal,Medium,Medium,16,95,100,7.3,167,6.7,1.1,89.0,11,11.6,-3.3,92.0,23.3,9.9,3.6,80
D039,Pune Crown Motors,West,Pune,Low,Large,8,138,130,7.5,213,8.3,1.8,89.0,18,13.0,3.7,89.0,20.4,6.8,4.8,79
D040,Bhopal Elite Motors,Central,Bhopal,High,Medium,7,46,81,-9.4,144,34.9,14.1,54.0,20,43.5,11.9,73.0,12.6,5.6,3.6,58
D041,Ahmedabad Elite Motors,West,Ahmedabad,Medium,Large,15,132,120,12.0,369,35.0,20.0,78.0,44,33.3,30.0,85.0,18.0,9.9,5.0,73
D042,Nagpur Elite Motors,West,Nagpur,High,Small,9,45,70,-7.9,132,31.6,22.0,59.0,13,28.9,16.8,78.0,13.7,9.0,5.6,52
D043,Bhubaneswar Royal Motors,East,Bhubaneswar,High,Large,2,183,199,-4.3,385,18.3,14.3,77.0,42,23.0,-4.7,83.0,18.7,13.3,5.1,66
D044,Jabalpur Apex Motors,Central,Jabalpur,High,Large,5,149,157,-1.3,321,20.1,10.9,74.0,30,20.1,6.8,79.0,18.9,12.1,2.5,76
D045,Bhopal Apex Motors,Central,Bhopal,Medium,Medium,12,116,119,3.7,259,11.1,0.2,85.0,10,8.6,-11.4,84.0,18.9,9.9,3.1,82
D046,Bhubaneswar Central Motors,East,Bhubaneswar,High,Small,3,41,65,-11.9,75,25.5,12.0,57.0,19,46.3,32.6,72.0,8.4,7.3,4.6,52
D047,Raipur Heritage Motors,Central,Raipur,Medium,Medium,14,133,118,8.6,197,11.1,2.9,93.0,13,9.8,-11.0,91.0,22.7,10.9,3.0,91
D048,Surat Elite Motors,West,Surat,Medium,Medium,3,105,92,10.5,170,3.8,1.7,84.0,7,6.7,5.2,82.0,23.4,11.0,4.0,92
D049,Lucknow Elite Motors,North,Lucknow,Medium,Small,11,71,65,10.5,138,11.8,3.1,88.0,10,14.1,4.3,89.0,21.9,8.1,5.8,81
D050,Chennai Star Motors,South,Chennai,Low,Large,25,212,190,5.9,374,28.1,8.2,79.0,76,35.8,39.2,88.0,14.4,3.6,6.5,72
D051,Jabalpur Metro Motors,Central,Jabalpur,Low,Large,22,191,165,7.2,294,9.9,0.4,89.0,27,14.1,5.1,92.0,25.2,4.2,2.6,88
D052,Kolkata Star Motors,East,Kolkata,Low,Medium,1,76,80,2.6,133,8.8,3.6,92.0,11,14.5,-1.9,93.0,16.6,5.9,4.1,76
D053,Kochi Central Motors,South,Kochi,Medium,Small,3,72,64,1.1,113,7.1,3.4,82.0,7,9.7,4.0,85.0,20.8,10.3,7.3,87
D054,Mumbai Star Motors,West,Mumbai,High,Large,6,177,174,13.8,254,5.0,3.0,87.0,15,8.5,3.7,90.0,22.2,12.0,5.3,87
D055,Pune Central Motors,West,Pune,Medium,Medium,12,87,78,16.0,137,5.0,2.0,84.0,10,11.5,7.9,85.0,25.9,7.9,4.9,95
D056,Ahmedabad Apex Motors,West,Ahmedabad,High,Medium,15,73,78,-2.4,111,15.7,10.5,73.0,12,16.4,12.6,82.0,18.0,9.2,5.0,70
D057,Jabalpur Crown Motors,Central,Jabalpur,Low,Medium,12,108,94,12.3,192,7.4,1.4,94.0,9,8.3,-17.6,96.0,23.0,3.9,2.2,86
D058,Bengaluru Metro Motors,South,Bengaluru,High,Medium,4,85,100,9.0,110,4.0,0.5,86.0,9,10.6,-10.0,91.0,19.0,7.5,6.3,83
D059,Patna Premier Motors,East,Patna,Medium,Medium,19,104,96,5.5,223,4.4,1.6,84.0,15,14.4,-19.2,90.0,19.2,8.7,4.2,79
D060,Bengaluru Apex Motors,South,Bengaluru,Medium,Large,16,200,191,15.9,414,8.7,4.1,94.0,28,14.0,-23.0,94.0,21.2,8.9,7.3,92
D061,Pune Royal Motors,West,Pune,Medium,Medium,24,79,76,1.5,123,11.6,0.5,83.0,7,8.9,-27.5,86.0,20.3,6.7,5.2,82
D062,Chennai Elite Motors,South,Chennai,High,Medium,2,70,107,-11.9,152,33.6,16.1,68.0,20,28.6,42.8,80.0,12.5,6.4,7.2,53
D063,Indore Royal Motors,Central,Indore,High,Large,7,109,140,-6.0,198,14.0,6.0,78.0,28,25.7,8.0,88.0,11.0,4.2,2.8,69
D064,Gurugram Prime Motors,North,Gurugram,Low,Small,1,64,57,1.0,87,7.1,2.4,86.0,7,10.9,-0.3,87.0,18.7,5.9,6.7,88
D065,Patna Star Motors,East,Patna,High,Medium,15,85,98,0.2,182,12.7,17.3,83.0,12,14.1,8.8,92.0,18.6,10.6,4.0,69
D066,Bengaluru Royal Motors,South,Bengaluru,Medium,Large,4,128,136,3.8,235,2.3,0.6,90.0,11,8.6,-8.4,87.0,25.4,8.4,6.5,90
D067,Pune Heritage Motors,West,Pune,Medium,Small,8,62,69,2.9,161,30.0,9.8,75.0,17,27.4,8.6,83.0,12.5,8.0,4.3,64
D068,Nagpur Prime Motors,West,Nagpur,High,Large,8,146,136,4.2,303,6.1,1.6,83.0,9,6.2,-16.8,79.0,16.8,13.2,5.0,87
D069,Ahmedabad Prime Motors,West,Ahmedabad,Low,Medium,22,83,114,-5.4,160,20.7,7.8,74.0,13,15.7,15.8,84.0,12.5,3.3,3.2,61
D070,Ahmedabad Star Motors,West,Ahmedabad,High,Small,1,52,45,9.8,90,3.3,4.5,93.0,6,11.5,-6.4,98.0,17.3,10.4,5.8,98
D071,Ahmedabad Central Motors,West,Ahmedabad,Medium,Medium,4,91,84,13.5,133,2.2,3.0,85.0,13,14.3,-20.4,88.0,19.8,9.3,5.3,85
D072,Chennai Prime Motors,South,Chennai,High,Medium,14,120,110,11.9,221,7.7,3.8,95.0,12,10.0,-10.4,94.0,18.2,13.4,7.1,93
D073,Delhi Apex Motors,North,Delhi,High,Medium,11,69,72,14.3,135,6.0,3.4,84.0,11,15.9,-23.2,88.0,18.4,10.3,5.8,82
D074,Coimbatore Premier Motors,South,Coimbatore,Medium,Large,22,149,186,-3.5,346,18.8,10.0,77.0,32,21.5,17.3,82.0,16.8,7.3,7.0,64
D075,Kolkata Prime Motors,East,Kolkata,Medium,Large,18,170,152,2.5,280,4.0,3.7,82.0,27,15.9,-15.7,89.0,17.0,7.7,3.7,89
D076,Bhopal Premier Motors,Central,Bhopal,Low,Medium,23,66,90,-12.9,126,33.3,18.7,61.0,18,27.3,37.8,76.0,9.5,3.7,2.9,49
D077,Jaipur Star Motors,North,Jaipur,Medium,Small,6,47,60,3.0,87,6.0,1.0,88.0,4,8.5,-5.0,86.0,17.0,6.1,6.0,74
D078,Hyderabad Royal Motors,South,Hyderabad,High,Medium,20,63,76,-3.5,186,32.8,10.6,75.0,10,15.9,17.6,80.0,13.6,10.2,8.0,66
D079,Lucknow Premier Motors,North,Lucknow,Low,Medium,5,77,89,-4.9,158,10.5,6.9,69.0,24,31.2,22.4,79.0,16.0,4.3,5.4,58
D080,Chennai Heritage Motors,South,Chennai,Low,Large,3,145,125,15.3,243,2.7,0.7,86.0,17,11.7,-26.3,88.0,23.8,6.1,6.5,87
D081,Mumbai Metro Motors,West,Mumbai,Medium,Small,14,35,48,-20.5,81,26.4,14.1,66.0,9,25.7,39.8,74.0,10.2,5.2,4.4,57
D082,Chandigarh Apex Motors,North,Chandigarh,High,Large,2,120,128,-2.0,223,28.1,3.8,75.0,31,25.8,0.4,80.0,18.9,11.4,6.2,75
D083,Jaipur Heritage Motors,North,Jaipur,Low,Large,18,181,160,6.1,290,7.3,1.2,85.0,14,7.7,5.7,92.0,17.0,4.3,5.3,90
D084,Kolkata Elite Motors,East,Kolkata,High,Medium,21,94,97,2.9,223,11.5,2.4,94.0,7,7.4,-8.9,90.0,20.8,10.3,4.3,80
D085,Coimbatore Prime Motors,South,Coimbatore,High,Small,7,57,59,14.8,119,5.2,3.0,88.0,6,10.5,-9.8,88.0,24.6,9.6,7.1,86
D086,Lucknow Heritage Motors,North,Lucknow,Low,Medium,10,111,114,14.8,193,5.4,0.3,86.0,15,13.5,-6.3,93.0,19.2,5.8,6.5,78
D087,Kolkata Crown Motors,East,Kolkata,High,Small,20,53,70,-8.1,109,17.7,3.0,84.0,10,18.9,-3.1,83.0,18.0,11.2,5.3,65
D088,Nagpur Crown Motors,West,Nagpur,Medium,Medium,4,76,75,11.9,163,6.6,3.3,90.0,8,10.5,6.1,93.0,25.0,10.2,4.3,88
D089,Raipur Elite Motors,Central,Raipur,Medium,Medium,5,113,100,1.6,233,6.5,4.5,92.0,18,15.9,-9.8,89.0,17.4,10.1,2.8,85
D090,Lucknow Royal Motors,North,Lucknow,Medium,Large,18,201,182,7.0,327,7.6,3.6,89.0,30,14.9,-14.1,92.0,22.9,7.8,6.1,87
D091,Kochi Metro Motors,South,Kochi,Medium,Medium,9,105,101,2.9,217,2.9,3.3,91.0,13,12.4,-29.2,90.0,25.7,9.3,7.6,85
D092,Lucknow Apex Motors,North,Lucknow,High,Large,19,179,165,2.9,371,4.8,0.7,86.0,23,12.8,4.6,89.0,24.2,15.6,6.0,84
D093,Patna Elite Motors,East,Patna,Low,Large,18,129,145,-2.4,335,24.2,5.6,84.0,25,19.4,15.6,89.0,12.2,4.3,4.4,64
D094,Jaipur Premier Motors,North,Jaipur,Low,Large,9,212,200,8.3,425,8.3,1.7,85.0,32,15.1,5.1,86.0,22.4,7.4,6.8,86
D095,Hyderabad Premier Motors,South,Hyderabad,Medium,Medium,25,97,106,-0.7,223,26.6,6.7,75.0,22,22.7,3.7,75.0,17.7,6.2,7.6,73
D096,Guwahati Prime Motors,East,Guwahati,High,Small,1,46,41,13.6,83,3.4,3.9,84.0,5,10.9,7.9,90.0,23.1,14.6,4.8,87
D097,Coimbatore Metro Motors,South,Coimbatore,High,Large,16,180,156,2.0,267,3.4,4.0,86.0,27,15.0,-4.8,86.0,17.8,15.8,7.7,92
D098,Ahmedabad Heritage Motors,West,Ahmedabad,High,Small,4,64,60,8.5,145,8.9,3.3,95.0,10,15.6,-10.4,89.0,18.8,11.2,5.0,84
D099,Jabalpur Royal Motors,Central,Jabalpur,Medium,Medium,8,90,87,1.8,166,8.7,1.8,92.0,13,14.4,1.2,84.0,22.8,8.6,3.2,84
D100,Lucknow Metro Motors,North,Lucknow,Medium,Large,7,177,190,-6.8,371,11.8,7.3,74.0,62,35.0,15.9,82.0,12.8,6.4,6.1,66
